-- phpMyAdmin SQL Dump
-- version 5.2.1
-- https://www.phpmyadmin.net/
--
-- Host: 127.0.0.1
-- Generation Time: Feb 04, 2024 at 04:52 PM
-- Server version: 10.4.28-MariaDB
-- PHP Version: 8.0.28

SET SQL_MODE = "NO_AUTO_VALUE_ON_ZERO";
START TRANSACTION;
SET time_zone = "+00:00";


/*!40101 SET @OLD_CHARACTER_SET_CLIENT=@@CHARACTER_SET_CLIENT */;
/*!40101 SET @OLD_CHARACTER_SET_RESULTS=@@CHARACTER_SET_RESULTS */;
/*!40101 SET @OLD_COLLATION_CONNECTION=@@COLLATION_CONNECTION */;
/*!40101 SET NAMES utf8mb4 */;

--
-- Database: `schoolmsdb`
--

-- --------------------------------------------------------

--
-- Table structure for table `admin`
--

CREATE TABLE `admin` (
  `id` varchar(20) NOT NULL,
  `name` varchar(20) NOT NULL,
  `password` varchar(20) NOT NULL,
  `phone` varchar(13) NOT NULL,
  `email` varchar(20) NOT NULL,
  `dob` date NOT NULL,
  `hiredate` date NOT NULL,
  `address` varchar(30) NOT NULL,
  `sex` varchar(7) NOT NULL
) ENGINE=InnoDB DEFAULT CHARSET=utf8 COLLATE=utf8_general_ci;

--
-- Dumping data for table `admin`
--

INSERT INTO `admin` (`id`, `name`, `password`, `phone`, `email`, `dob`, `hiredate`, `address`, `sex`) VALUES
('ad-123-0', 'Christen', '123', '2587416969', 'christen@example.com', '1993-11-20', '2016-01-01', 'US, Blkr St', 'female'),
('ad-123-1', 'Albert Ambani', '123', '748315884', 'albertambani1@gmail.', '1999-10-20', '2018-01-05', 'Kenya, Nairobo Drive', 'Male'),
('ad-123-2', 'Bucky Barnes', '123', '1969735220', 'barsmine@gmail.com', '1994-04-02', '2020-12-24', 'US, DownSt 12', 'Male'),
('ad-123-3', 'Steephen', '123', '9745452220', 'stephen@gmail.com', '1991-05-02', '2014-04-24', 'AU, Parmmiza Rd', 'Male');

-- --------------------------------------------------------

--
-- Table structure for table `attendance`
--

CREATE TABLE `attendance` (
  `id` int(11) NOT NULL,
  `date` date NOT NULL,
  `attendedid` varchar(20) NOT NULL
) ENGINE=InnoDB DEFAULT CHARSET=utf8 COLLATE=utf8_general_ci;

--
-- Dumping data for table `attendance`
--

INSERT INTO `attendance` (`id`, `date`, `attendedid`) VALUES
(18, '2016-05-04', 'te-123-1'),
(20, '2016-05-01', 'te-123-1'),
(21, '2016-04-12', 'te-123-1'),
(22, '2016-05-04', 'te-124-1'),
(23, '2016-04-19', 'te-124-1'),
(24, '2016-05-02', 'te-124-1'),
(25, '2016-05-04', 'sta-123-1'),
(26, '2016-05-05', 'sta-123-1'),
(27, '2016-04-04', 'sta-123-1'),
(28, '2016-04-05', 'sta-123-1'),
(29, '2021-04-06', 'te-123-1'),
(30, '2021-04-06', 'sta-123-1'),
(31, '2021-04-06', 'st-123-1'),
(32, '2021-04-06', 'st-124-1');

-- --------------------------------------------------------

--
-- Table structure for table `availablecourse`
--

CREATE TABLE `availablecourse` (
  `id` int(11) NOT NULL,
  `name` varchar(30) NOT NULL,
  `classid` varchar(30) NOT NULL
) ENGINE=MyISAM DEFAULT CHARSET=utf8 COLLATE=utf8_general_ci;

--
-- Dumping data for table `availablecourse`
--

INSERT INTO `availablecourse` (`id`, `name`, `classid`) VALUES
(1, 'Bangla 1st', '1'),
(2, 'Bangla 1st', '2'),
(3, 'Bangla 1st', '3'),
(4, 'Bangla 1st', '4'),
(5, 'Bangla 1st', '5'),
(6, 'Bangla 1st', '6'),
(7, 'Bangla 1st', '7'),
(8, 'Bangla 1st', '8'),
(9, 'Bangla 1st', '9'),
(10, 'Bangla 1st', '10'),
(11, 'Bangla 2nd', '1'),
(12, 'Bangla 2nd', '2'),
(13, 'Bangla 2nd', '3'),
(14, 'Bangla 2nd', '4'),
(15, 'Bangla 2nd', '5'),
(16, 'Bangla 2nd', '6'),
(17, 'Bangla 2nd', '7'),
(18, 'Bangla 2nd', '8'),
(19, 'Bangla 2nd', '9'),
(20, 'Bangla 2nd', '10'),
(21, 'English 1st', '1'),
(22, 'English 1st', '2'),
(23, 'English 1st', '3'),
(24, 'English 1st', '4'),
(25, 'English 1st', '5'),
(26, 'English 1st', '6'),
(27, 'English 1st', '7'),
(28, 'English 1st', '8'),
(29, 'English 1st', '9'),
(30, 'English 1st', '10'),
(31, 'English 2nd', '1'),
(32, 'English 2nd', '2'),
(33, 'English 2nd', '3'),
(34, 'English 2nd', '4'),
(35, 'English 2nd', '5'),
(36, 'English 2nd', '6'),
(37, 'English 2nd', '7'),
(38, 'English 2nd', '8'),
(39, 'English 2nd', '9'),
(40, 'English 2nd', '10');

-- --------------------------------------------------------

--
-- Table structure for table `class`
--

CREATE TABLE `class` (
  `id` varchar(20) NOT NULL,
  `name` varchar(20) NOT NULL,
  `room` varchar(20) NOT NULL,
  `section` varchar(10) NOT NULL
) ENGINE=InnoDB DEFAULT CHARSET=utf8 COLLATE=utf8_general_ci;

--
-- Dumping data for table `class`
--

INSERT INTO `class` (`id`, `name`, `room`, `section`) VALUES
('1A', 'One', '101', 'A'),
('1B', 'One', '101', 'B'),
('2A', 'Two', '201', 'A'),
('2B', 'Two', '202', 'B'),
('3A', 'Three', '301', 'A'),
('3B', 'Three', '302', 'B'),
('4A', 'Four', '401', 'A'),
('4B', 'Four', '402', 'B'),
('5A', 'Five', '501', 'A'),
('5B', 'Five', '502', 'B'),
('6A', 'Six', '601', 'A'),
('6B', 'Six', '602', 'B'),
('7A', 'Seven', '701', 'A'),
('7B', 'Seven', '702', 'B'),
('8A', 'Eight', '801', 'A'),
('8B', 'Eight', '802', 'B'),
('9A', 'Nine', '901', 'A'),
('9B', 'Nine', '902', 'B'),
('10S', 'Ten', '1001', 'Science'),
('10A', 'Ten', '1002', 'Arts'),
('10C', 'Ten', '1002', 'Commerce');

-- --------------------------------------------------------

--
-- Table structure for table `examschedule`
--

CREATE TABLE `examschedule` (
  `id` varchar(20) NOT NULL,
  `examdate` date NOT NULL,
  `examTime` varchar(255) DEFAULT NULL,
  `courseid` varchar(20) NOT NULL
) ENGINE=InnoDB DEFAULT CHARSET=utf8 COLLATE=utf8_general_ci;

--
-- Dumping data for table `examschedule`
--

INSERT INTO `examschedule` (`id`, `examdate`, `examTime`, `courseid`) VALUES
('145', '2016-05-06', '2:00-4:00', '1'),
('sh-10', '2021-04-06', '10:00 - 12:30', '4'),
('sh-20', '2021-04-06', '01:00 - 03:00', '2'),
('', '0000-00-00', '', ''),
('', '0000-00-00', '', ''),
('', '0000-00-00', '', ''),
('aSDaa', '0000-00-00', 'adAS', 'AADS'),
('aSDaa', '0000-00-00', 'adAS', 'AADS'),
('0001', '2024-02-05', '08:00', 'sci'),
('001', '2024-02-05', '08:00', 'sci206'),
('588041', '2024-02-15', '08:00A.M', '05');

-- --------------------------------------------------------

--
-- Table structure for table `grade`
--

CREATE TABLE `grade` (
  `id` int(11) NOT NULL,
  `studentid` varchar(20) NOT NULL,
  `grade` varchar(5) NOT NULL,
  `courseid` varchar(20) NOT NULL
) ENGINE=InnoDB DEFAULT CHARSET=latin1 COLLATE=latin1_swedish_ci;

--
-- Dumping data for table `grade`
--

INSERT INTO `grade` (`id`, `studentid`, `grade`, `courseid`) VALUES
(1, 'st-123-1', 'C', '8'),
(2, 'st-123-1', 'F', '4'),
(3, 'st-125-1', 'D+', '1'),
(4, 'st-123-1', 'D+', '1'),
(5, 'st-124-1', 'C+', '1'),
(6, 'st-124-1', 'A+', '1');

-- --------------------------------------------------------

--
-- Table structure for table `parents`
--

CREATE TABLE `parents` (
  `id` varchar(20) NOT NULL,
  `password` varchar(20) NOT NULL,
  `fathername` varchar(20) NOT NULL,
  `mothername` varchar(20) NOT NULL,
  `fatherphone` varchar(13) NOT NULL,
  `motherphone` varchar(13) NOT NULL,
  `address` varchar(30) NOT NULL
) ENGINE=InnoDB DEFAULT CHARSET=utf8 COLLATE=utf8_general_ci;

--
-- Dumping data for table `parents`
--

INSERT INTO `parents` (`id`, `password`, `fathername`, `mothername`, `fatherphone`, `motherphone`, `address`) VALUES
('pa-124-1', '123', 'John', 'Riley', '01724242424', '01924242314', '2549  Simpson Avenue'),
('pa-125-1', '@125', 'Reuben Makanga', 'Clara Wanjiku', '0732019200', '0722019200', 'Metero street'),
('pa-126-1', '@126', 'Kelvin Wamunyu ', 'Mitchel Muthoni Kama', '0774201920', '0703162021', 'Makwa, street'),
('pa-127-1', '@127', 'Lucky Ndungu Kahiro', 'Stella Wangui Mwangi', '0736778346', '0746820230', 'gatukuyu'),
('pa-128-1', '@128', 'Onesmus Mwenja ', 'Annabel Kiende ', '0736778346', '0748162021', 'gatukuyu');

-- --------------------------------------------------------

--
-- Table structure for table `payment`
--

CREATE TABLE `payment` (
  `id` int(11) NOT NULL,
  `studentid` varchar(20) NOT NULL,
  `amount` double NOT NULL,
  `month` varchar(10) NOT NULL,
  `year` varchar(5) NOT NULL
) ENGINE=InnoDB DEFAULT CHARSET=utf8 COLLATE=utf8_general_ci;

--
-- Dumping data for table `payment`
--

INSERT INTO `payment` (`id`, `studentid`, `amount`, `month`, `year`) VALUES
(1, 'st-123-1', 500, '5', '2016'),
(2, 'st-123-1', 500, '4', '2016'),
(3, 'st-124-1', 500, '5', '2016'),
(4, 'st-123-1', 4500, 'March 10', '2021'),
(5, 'st-123-1', 4000, 'April 6', '2021');

-- --------------------------------------------------------

--
-- Table structure for table `report`
--

CREATE TABLE `report` (
  `reportid` int(11) NOT NULL,
  `studentid` varchar(20) NOT NULL,
  `teacherid` varchar(20) NOT NULL,
  `message` varchar(500) NOT NULL,
  `courseid` varchar(20) NOT NULL
) ENGINE=InnoDB DEFAULT CHARSET=utf8 COLLATE=utf8_general_ci;

--
-- Dumping data for table `report`
--

INSERT INTO `report` (`reportid`, `studentid`, `teacherid`, `message`, `courseid`) VALUES
(1, 'st-123-1', 'te-123-1', 'Good Boy', '790'),
(2, 'st-124-1', 'te-123-1', 'Good boy But not honest.', '790'),
(3, 'st-123-1', 'te-124-1', ' good', '1'),
(4, 'st-124-1', 'te-124-1', ' Good one, keep it up!', '1');

-- --------------------------------------------------------

--
-- Table structure for table `staff`
--

CREATE TABLE `staff` (
  `id` varchar(20) NOT NULL,
  `name` varchar(20) NOT NULL,
  `password` varchar(20) NOT NULL,
  `phone` varchar(20) NOT NULL,
  `email` varchar(20) NOT NULL,
  `sex` varchar(7) NOT NULL,
  `dob` date NOT NULL,
  `hiredate` date NOT NULL,
  `address` varchar(30) NOT NULL,
  `salary` double NOT NULL
) ENGINE=InnoDB DEFAULT CHARSET=utf8 COLLATE=utf8_general_ci;

--
-- Dumping data for table `staff`
--

INSERT INTO `staff` (`id`, `name`, `password`, `phone`, `email`, `sex`, `dob`, `hiredate`, `address`, `salary`) VALUES
('sta-123-1', 'Scott', '123', '1597534568', 'scootpel@gmail.com', 'Male', '1980-11-08', '2015-10-15', '2333  Cody Ridge Road', 25000),
('sta-124-1', 'Patrick', '123', '7412531325', 'pforpat@school.com', 'Male', '1990-03-26', '2017-05-12', '321  McDonald Avenue', 19500),
('sta-125-1', 'Aaron', '123', '2587532224', 'aarontay@gmail.com', 'Male', '1992-08-19', '2010-05-29', '4927  Water Street', 31000),
('sta-126-1', 'Peterson', '123', '2574545888', 'peteson@gmail.com', 'Male', '2021-04-01', '2012-05-05', '2950  Parrill Court', 27000);

-- --------------------------------------------------------

--
-- Table structure for table `students`
--

CREATE TABLE `students` (
  `id` varchar(20) NOT NULL,
  `name` varchar(20) NOT NULL,
  `password` varchar(20) NOT NULL,
  `phone` varchar(13) NOT NULL,
  `email` varchar(20) NOT NULL,
  `sex` varchar(7) NOT NULL,
  `dob` date NOT NULL,
  `addmissiondate` date NOT NULL,
  `address` varchar(50) NOT NULL,
  `parentid` varchar(20) NOT NULL,
  `classid` varchar(20) NOT NULL
) ENGINE=InnoDB DEFAULT CHARSET=utf8 COLLATE=utf8_general_ci;

--
-- Dumping data for table `students`
--

INSERT INTO `students` (`id`, `name`, `password`, `phone`, `email`, `sex`, `dob`, `addmissiondate`, `address`, `parentid`, `classid`) VALUES
('st-121-1', 'Grace Wandia', '@121', '0739920210', 'gracew@gmail.com', 'Female', '2012-02-10', '2024-02-04', 'gatukuyu', '3812021', '4'),
('st-122-1', 'Geoffrey Kamau ', '@122', '0745220230', 'geoffreykk@gmail.com', 'Male', '2010-01-05', '2024-02-04', 'gatukuyu', '3622021', '7'),
('st-123-1', 'Promise Kihenjo', '@123', '0736220210', 'promiskhj@gmail.com', 'Female', '2014-01-05', '2024-02-04', 'Mang\'u', '4432022', 'PP1'),
('st-124-1', 'Melvin Njuguna', '4312022', '0745520230', 'melviznjn@gmail.com', 'Male', '2018-06-05', '2024-02-04', 'Thika', '4302022', 'PP2'),
('st-125-1', 'Samuel Mburu', '@125', '0736220210', 'samuelmm1@gmail.com', 'Male', '2018-10-05', '2024-02-04', 'Kiambu', '3572021', 'PP2'),
('st-126-1', 'Benard Mutiso', '@benard', '0736778346', 'bernardm@gmail.com', 'Male', '2012-02-10', '2024-02-02', 'gatukuyu', '2345763', '7'),
('st-127-1', 'Loise Nyambura ', '@127', '0740520210', 'loisenyambuu@gmail.c', 'Female', '2015-10-05', '2024-02-04', 'Makwa', '3772021', '5'),
('st-128-1', 'Rian Mwai ', '@128', '0736220210', 'rianmwas@gmail.com', 'Male', '2016-05-16', '2024-02-04', 'Murang\'a', '3572021', '1');

-- --------------------------------------------------------

--
-- Table structure for table `subject`
--

CREATE TABLE `subject` (
  `id` varchar(20) NOT NULL,
  `name` varchar(20) NOT NULL,
  `teacherid` varchar(20) NOT NULL,
  `studentid` varchar(20) NOT NULL,
  `classid` varchar(20) NOT NULL
) ENGINE=InnoDB DEFAULT CHARSET=utf8 COLLATE=utf8_general_ci;

-- --------------------------------------------------------

--
-- Table structure for table `takencoursebyteacher`
--

CREATE TABLE `takencoursebyteacher` (
  `id` int(11) NOT NULL,
  `courseid` varchar(20) NOT NULL,
  `teacherid` varchar(20) NOT NULL
) ENGINE=MyISAM DEFAULT CHARSET=utf8 COLLATE=utf8_general_ci;

--
-- Dumping data for table `takencoursebyteacher`
--

INSERT INTO `takencoursebyteacher` (`id`, `courseid`, `teacherid`) VALUES
(1, '4', 'te-123-1'),
(2, '8', 'te-123-1'),
(3, '1', 'te-124-1'),
(4, '2', 'te-124-1'),
(5, '18', 'te-125-1'),
(6, '19', 'te-125-1'),
(7, '11', 'te-125-1'),
(8, '24', 'te-126-1'),
(9, '23', 'te-126-1'),
(10, '22', 'te-126-1'),
(11, '4', 'te-124-1'),
(12, '5', 'te-123-1'),
(13, '6', 'te-125-1'),
(14, '7', 'te-127-1'),
(15, '9', 'te-127-1'),
(16, '10', 'te-127-1'),
(17, '17', 'te-125-1'),
(18, '16', 'te-125-1'),
(19, '15', 'te-125-1'),
(20, '14', 'te-126-1'),
(21, '13', 'te-126-1'),
(22, '12', 'te-126-1');

-- --------------------------------------------------------

--
-- Table structure for table `teachers`
--

CREATE TABLE `teachers` (
  `id` varchar(20) NOT NULL,
  `name` varchar(20) NOT NULL,
  `password` varchar(20) NOT NULL,
  `phone` varchar(13) NOT NULL,
  `email` varchar(20) NOT NULL,
  `address` varchar(30) NOT NULL,
  `sex` varchar(7) NOT NULL,
  `dob` date NOT NULL,
  `hiredate` date NOT NULL,
  `salary` double NOT NULL
) ENGINE=InnoDB DEFAULT CHARSET=utf8 COLLATE=utf8_general_ci;

--
-- Dumping data for table `teachers`
--

INSERT INTO `teachers` (`id`, `name`, `password`, `phone`, `email`, `address`, `sex`, `dob`, `hiredate`, `salary`) VALUES
('te-124-1', 'Moreen Chepchumba', '@124', '0746820230', 'moreenchep04@gmail.c', 'Metero street', 'Female', '1987-07-09', '2024-02-04', 20000),
('te-125-1', 'Edwin Mbuthia', '@125', '0701000000', 'eduurike@gmail.com', 'Kamwangi, backstreet', 'Male', '1998-02-10', '2024-02-04', 15000),
('te-126-1', 'Maria Njoroge', '@126', '0710367454', 'mariahill@gmail.com', '833  lesotho Street', 'Female', '1996-04-06', '2019-12-24', 39000),
('te-127-1', 'Darlene Wambua', '@127', '0796969690', 'darleeene@gmail.com', '2131  Glory Road', 'Female', '1994-12-25', '2017-05-25', 41000),
('te-128-1', 'Benson Mukolwe', '@128', '0755201910', 'benson001@gmail.com', 'Mulwa, road', 'Male', '1992-02-10', '2024-02-04', 28000);

-- --------------------------------------------------------

--
-- Table structure for table `users`
--

CREATE TABLE `users` (
  `userid` varchar(20) NOT NULL,
  `password` varchar(20) NOT NULL,
  `usertype` varchar(10) NOT NULL
) ENGINE=InnoDB DEFAULT CHARSET=utf8 COLLATE=utf8_general_ci;

--
-- Dumping data for table `users`
--

INSERT INTO `users` (`userid`, `password`, `usertype`) VALUES
('ad-123-0', '123', 'admin'),
('ad-123-1', '123', 'admin'),
('ad-123-2', '123', 'admin'),
('ad-123-3', '123', 'admin'),
('pa-124-1', '123', 'parent'),
('pa-125-1', '@125', 'parent'),
('pa-126-1', '@126', 'parent'),
('pa-127-1', '@127', 'parent'),
('pa-128-1', '@128', 'parent'),
('st-121-1', '@121', 'student'),
('st-122-1', '@122', 'student'),
('st-123-1', '@123', 'student'),
('st-124-1', '4312022', 'student'),
('st-125-1', '@125', 'student'),
('st-126-1', '@benard', 'student'),
('st-127-1', '@127', 'student'),
('st-128-1', '@128', 'student'),
('sta-123-1', '123', 'staff'),
('sta-124-1', '123', 'staff'),
('sta-125-1', '123', 'staff'),
('sta-126-1', '123', 'staff'),
('te-124-1', '@124', 'teacher'),
('te-125-1', '@125', 'teacher'),
('te-126-1', '258', 'teacher'),
('te-127-1', '123', 'teacher'),
('te-128-1', '@128', 'teacher');

--
-- Indexes for dumped tables
--

--
-- Indexes for table `admin`
--
ALTER TABLE `admin`
  ADD UNIQUE KEY `id` (`id`);

--
-- Indexes for table `attendance`
--
ALTER TABLE `attendance`
  ADD PRIMARY KEY (`id`);

--
-- Indexes for table `availablecourse`
--
ALTER TABLE `availablecourse`
  ADD PRIMARY KEY (`id`);

--
-- Indexes for table `grade`
--
ALTER TABLE `grade`
  ADD PRIMARY KEY (`id`);

--
-- Indexes for table `parents`
--
ALTER TABLE `parents`
  ADD UNIQUE KEY `id` (`id`);

--
-- Indexes for table `payment`
--
ALTER TABLE `payment`
  ADD PRIMARY KEY (`id`);

--
-- Indexes for table `report`
--
ALTER TABLE `report`
  ADD PRIMARY KEY (`reportid`);

--
-- Indexes for table `staff`
--
ALTER TABLE `staff`
  ADD UNIQUE KEY `id` (`id`);

--
-- Indexes for table `students`
--
ALTER TABLE `students`
  ADD UNIQUE KEY `id` (`id`);

--
-- Indexes for table `takencoursebyteacher`
--
ALTER TABLE `takencoursebyteacher`
  ADD PRIMARY KEY (`id`);

--
-- Indexes for table `teachers`
--
ALTER TABLE `teachers`
  ADD UNIQUE KEY `id` (`id`);

--
-- Indexes for table `users`
--
ALTER TABLE `users`
  ADD UNIQUE KEY `userid` (`userid`);

--
-- AUTO_INCREMENT for dumped tables
--

--
-- AUTO_INCREMENT for table `attendance`
--
ALTER TABLE `attendance`
  MODIFY `id` int(11) NOT NULL AUTO_INCREMENT, AUTO_INCREMENT=33;

--
-- AUTO_INCREMENT for table `availablecourse`
--
ALTER TABLE `availablecourse`
  MODIFY `id` int(11) NOT NULL AUTO_INCREMENT, AUTO_INCREMENT=41;

--
-- AUTO_INCREMENT for table `grade`
--
ALTER TABLE `grade`
  MODIFY `id` int(11) NOT NULL AUTO_INCREMENT, AUTO_INCREMENT=7;

--
-- AUTO_INCREMENT for table `payment`
--
ALTER TABLE `payment`
  MODIFY `id` int(11) NOT NULL AUTO_INCREMENT, AUTO_INCREMENT=6;

--
-- AUTO_INCREMENT for table `report`
--
ALTER TABLE `report`
  MODIFY `reportid` int(11) NOT NULL AUTO_INCREMENT, AUTO_INCREMENT=5;

--
-- AUTO_INCREMENT for table `takencoursebyteacher`
--
ALTER TABLE `takencoursebyteacher`
  MODIFY `id` int(11) NOT NULL AUTO_INCREMENT, AUTO_INCREMENT=23;
COMMIT;

/*!40101 SET CHARACTER_SET_CLIENT=@OLD_CHARACTER_SET_CLIENT */;
/*!40101 SET CHARACTER_SET_RESULTS=@OLD_CHARACTER_SET_RESULTS */;
/*!40101 SET COLLATION_CONNECTION=@OLD_COLLATION_CONNECTION */;
